book_num,sentence,rob_sentiment,rob_score,rob_all_scores
0,uncle vernon go pale whisper something sound like mimblewimble hagrid stare wildly harry,neutral,0.87799174,"{'neutral': 0.87799174, 'negative': 0.06226597, 'positive': 0.05974222}"
0,she grab harry wand tap lock whisper alohomora,neutral,0.8935042,"{'neutral': 0.8935042, 'positive': 0.08240734, 'negative': 0.024088508}"
0,wingardium leviosa shout wave long arm like windmill,neutral,0.7237462,"{'neutral': 0.7237462, 'positive': 0.24543244, 'negative': 0.030821431}"
0,it winggardium leviosa make gar nice long,neutral,0.550518,"{'neutral': 0.550518, 'positive': 0.41176078, 'negative': 0.03772121}"
0,hermione roll sleeve gown flick wand say wingardium leviosa,neutral,0.8536455,"{'neutral': 0.8536455, 'positive': 0.11574829, 'negative': 0.030606145}"
0,hermione sunk floor fright ron pull wand know go hear cry first spell come head wingardium leviosa,neutral,0.8138795,"{'neutral': 0.8138795, 'negative': 0.12056292, 'positive': 0.0655576}"
0,now forget locomotor mortis hermione mutter ron slip wand sleeve,neutral,0.8118827,"{'neutral': 0.8118827, 'negative': 0.114630796, 'positive': 0.073486485}"
0,petrificus totalus cry point neville,neutral,0.6703277,"{'neutral': 0.6703277, 'negative': 0.23586147, 'positive': 0.09381077}"
0,they tug heave door budge even hermione try alohomora charm,neutral,0.84393173,"{'neutral': 0.84393173, 'positive': 0.097213894, 'negative': 0.058854356}"
1,he roll sleeve brandish wand bellow peskipiksi pesternomi,neutral,0.84280115,"{'neutral': 0.84280115, 'positive': 0.11592198, 'negative': 0.041276842}"
1,both swung wands head point opponent snape cry expelliarmus there dazzle flash scarlet light lockhart blast foot he fly backward stage smash wall slide sprawl floor,neutral,0.8418423,"{'neutral': 0.8418423, 'positive': 0.116479225, 'negative': 0.041678496}"
1,he stumble everything still seem work waste time harry pointed wand straight malfoy shout rictusempra,negative,0.5563957,"{'negative': 0.5563957, 'neutral': 0.41116956, 'positive': 0.032434776}"
1,harry hang back vague feeling would unsporte bewitch malfoy floor mistake gasp breath malfoy point wand harry knee choke tarantallegra next second harry leg begin jerk around control kind quickstep,neutral,0.85818636,"{'neutral': 0.85818636, 'negative': 0.10702453, 'positive': 0.03478909}"
1,finite incantatem shout harry foot stop dance malfoy stop laugh able look,neutral,0.5833453,"{'neutral': 0.5833453, 'negative': 0.22842175, 'positive': 0.18823291}"
1,malfoy raise wand quickly bellow serpensortia,neutral,0.82843596,"{'neutral': 0.82843596, 'positive': 0.1001474, 'negative': 0.07141665}"
1,she tap diary three time say aparecium,neutral,0.7471087,"{'neutral': 0.7471087, 'negative': 0.18980613, 'positive': 0.06308511}"
1,he pull wand shout expelliarmus snape disarm lockhart malfoy find diary shoot hand air,neutral,0.85931104,"{'neutral': 0.85931104, 'positive': 0.10134807, 'negative': 0.03934083}"
1,harry take wand murmur lumos tiny light appear end enough let watch path sign spider,neutral,0.8702575,"{'neutral': 0.8702575, 'positive': 0.114894055, 'negative': 0.014848427}"
1,lockhart barely raise harry bellow expelliarmus,neutral,0.7054471,"{'neutral': 0.7054471, 'negative': 0.23965684, 'positive': 0.05489604}"
1,lumos harry muttered wand light,neutral,0.8429263,"{'neutral': 0.8429263, 'positive': 0.11320502, 'negative': 0.04386872}"
1,he raise ron spellotape wand high head yelled obliviate,neutral,0.7749938,"{'neutral': 0.7749938, 'positive': 0.20003434, 'negative': 0.024971887}"
2,lumos harry muttered light appear end wand almost dazzle,neutral,0.626463,"{'neutral': 0.626463, 'positive': 0.36286828, 'negative': 0.010668687}"
2,I eard think e secondincommand youknow oo ad take,neutral,0.7543471,"{'neutral': 0.7543471, 'negative': 0.13186397, 'positive': 0.11378896}"
2,they ad job coverin din ern stan say,neutral,0.8776004,"{'neutral': 0.8776004, 'negative': 0.06580518, 'positive': 0.056594446}"
2,what say ad appene ern,neutral,0.83670944,"{'neutral': 0.83670944, 'negative': 0.122952275, 'positive': 0.040338323}"
2,we ad I m ere knight bus di n ern,neutral,0.88310647,"{'neutral': 0.88310647, 'positive': 0.093028754, 'negative': 0.02386478}"
2,he raise wand shoulder height say waddiwasi point peeve,neutral,0.5354044,"{'neutral': 0.5354044, 'negative': 0.43466786, 'positive': 0.029927725}"
2,after please riddikulus,neutral,0.7691115,"{'neutral': 0.7691115, 'positive': 0.19995524, 'negative': 0.030933263}"
2,riddikulus say class together,neutral,0.8843137,"{'neutral': 0.8843137, 'negative': 0.063514546, 'positive': 0.05217165}"
2,and raise wand thus cry riddikulus concentrate hard grandmother clothe,neutral,0.7111434,"{'neutral': 0.7111434, 'negative': 0.2163761, 'positive': 0.072480604}"
2,riddikulus cry parvati,neutral,0.7139845,"{'neutral': 0.7139845, 'negative': 0.23057131, 'positive': 0.055444192}"
2,riddikulus shout seamus,neutral,0.8647513,"{'neutral': 0.8647513, 'positive': 0.081112444, 'negative': 0.05413622}"
2,riddikulus yelled dean,neutral,0.7494387,"{'neutral': 0.7494387, 'negative': 0.19738686, 'positive': 0.053174462}"
2,riddikulus bellow ron spider leg vanish,neutral,0.86503637,"{'neutral': 0.86503637, 'negative': 0.08147472, 'positive': 0.05348897}"
2,then see silverywhite orb hang air front lupin say riddikulus almost lazily,neutral,0.8365346,"{'neutral': 0.8365346, 'positive': 0.093288764, 'negative': 0.07017656}"
2,riddikulus shout split second view snape lacy dress neville let great ha laughter boggart explode burst thousand tiny wisp smoke go,neutral,0.65570754,"{'neutral': 0.65570754, 'positive': 0.29846594, 'negative': 0.04582652}"
2,he hand team watch amazement hermione tap wand say impervius,neutral,0.49317363,"{'neutral': 0.49317363, 'positive': 0.49013045, 'negative': 0.016695954}"
2,the word inside say dissendium,neutral,0.51067954,"{'neutral': 0.51067954, 'negative': 0.45555297, 'positive': 0.033767506}"
2,dissendium harry whisper tap stone witch,neutral,0.8073219,"{'neutral': 0.8073219, 'negative': 0.09814313, 'positive': 0.09453503}"
2,he hold wand mutter lumos see narrow low earthy passageway,neutral,0.8717007,"{'neutral': 0.8717007, 'positive': 0.08726918, 'negative': 0.041030034}"
2,somewhere hermione whisper mobiliarbus,neutral,0.82002413,"{'neutral': 0.82002413, 'positive': 0.0939405, 'negative': 0.086035416}"
2,the incantation lupin clear throat expecto patronum,neutral,0.86339414,"{'neutral': 0.86339414, 'positive': 0.071636856, 'negative': 0.06496896}"
2,expecto patronum harry repeat breath expecto patronum,neutral,0.70920795,"{'neutral': 0.70920795, 'positive': 0.2734749, 'negative': 0.017317073}"
2,expecto patrono patronum sorry expecto patronum expecto patronum,negative,0.49967846,"{'negative': 0.49967846, 'neutral': 0.45436922, 'positive': 0.045952264}"
2,expecto patronum harry yell,neutral,0.6999472,"{'neutral': 0.6999472, 'positive': 0.2589646, 'negative': 0.041088186}"
2,expecto patronum,neutral,0.7262132,"{'neutral': 0.7262132, 'positive': 0.1788494, 'negative': 0.09493735}"
2,expecto,neutral,0.7231783,"{'neutral': 0.7231783, 'positive': 0.2070983, 'negative': 0.06972333}"
2,expecto patronum harry yell,neutral,0.6999472,"{'neutral': 0.6999472, 'positive': 0.2589646, 'negative': 0.041088186}"
2,expecto patronum,neutral,0.7262132,"{'neutral': 0.7262132, 'positive': 0.1788494, 'negative': 0.09493735}"
2,expecto pat,neutral,0.72965586,"{'neutral': 0.72965586, 'positive': 0.21099682, 'negative': 0.059347335}"
2,expecto patronum harry bellow,neutral,0.732527,"{'neutral': 0.732527, 'positive': 0.24457815, 'negative': 0.022894766}"
2,expecto patronum,neutral,0.7262132,"{'neutral': 0.7262132, 'positive': 0.1788494, 'negative': 0.09493735}"
2,expecto patronum,neutral,0.7262132,"{'neutral': 0.7262132, 'positive': 0.1788494, 'negative': 0.09493735}"
2,riddikulus roar lupin spring forwards,neutral,0.86450887,"{'neutral': 0.86450887, 'positive': 0.10729825, 'negative': 0.0281929}"
2,ron pull wand mutter lumo,neutral,0.8817099,"{'neutral': 0.8817099, 'positive': 0.060352046, 'negative': 0.057938095}"
2,plunge hand neck robe whip wand roar expecto patronum,neutral,0.8157974,"{'neutral': 0.8157974, 'positive': 0.14133263, 'negative': 0.042869993}"
2,harry quickly pull wand mutter dissendium shove bag statue could climb neville come around corner,neutral,0.88287985,"{'neutral': 0.88287985, 'positive': 0.098760456, 'negative': 0.018359683}"
2,you tap say dissendium say harry,neutral,0.8581611,"{'neutral': 0.8581611, 'positive': 0.082809485, 'negative': 0.059029374}"
2,lumos whisper,neutral,0.80483836,"{'neutral': 0.80483836, 'positive': 0.12956788, 'negative': 0.06559377}"
2,nox whisper together light end wand go,neutral,0.86200124,"{'neutral': 0.86200124, 'positive': 0.0928355, 'negative': 0.045163263}"
2,he dog animagus,neutral,0.7791529,"{'neutral': 0.7791529, 'positive': 0.11821437, 'negative': 0.10263277}"
2,expelliarmus croak point ron wand,neutral,0.8285631,"{'neutral': 0.8285631, 'positive': 0.111401394, 'negative': 0.060035534}"
2,expelliarmus lupin shout,neutral,0.791772,"{'neutral': 0.791772, 'positive': 0.17370133, 'negative': 0.03452671}"
2,an animagus say black name peter pettigrew,neutral,0.87761843,"{'neutral': 0.87761843, 'negative': 0.07811761, 'positive': 0.0442639}"
2,because people would know peter pettigrew animagus,neutral,0.85545987,"{'neutral': 0.85545987, 'positive': 0.1015048, 'negative': 0.043035325}"
2,your father sirius clever student school lucky animagus transformation go horribly wrong one reason ministry keep close watch attempt,negative,0.78748435,"{'negative': 0.78748435, 'neutral': 0.18774393, 'positive': 0.024771675}"
2,all year I battle wonder whether I tell dumbledore sirius animagus,neutral,0.8293356,"{'neutral': 0.8293356, 'negative': 0.094580255, 'positive': 0.07608422}"
2,and I convince sirius get school use dark art learn voldemort animagus nothing way snape right along,neutral,0.74157363,"{'neutral': 0.74157363, 'negative': 0.15484782, 'positive': 0.103578635}"
2,expelliarmus yell except voice shout,neutral,0.7551003,"{'neutral': 0.7551003, 'positive': 0.15697949, 'negative': 0.087920256}"
2,he hurry ron bent tap ron leg wand mutter ferula bandage spin ron leg strap tightly splint,neutral,0.90104216,"{'neutral': 0.90104216, 'positive': 0.06449137, 'negative': 0.034466453}"
2,he mutter mobilicorpus as though invisible string tie snape wrist neck knee pull standing position head still loll unpleasantly like grotesque puppet,negative,0.60380054,"{'negative': 0.60380054, 'neutral': 0.365905, 'positive': 0.030294495}"
2,expelliarmus harry yelled point wand pettigrew lupin wand fly high air sight,neutral,0.77389663,"{'neutral': 0.77389663, 'positive': 0.2026666, 'negative': 0.023436734}"
2,he force think sirius sirius begin chant expecto patronum,neutral,0.8862194,"{'neutral': 0.8862194, 'positive': 0.07569045, 'negative': 0.038090236}"
2,expecto patronum,neutral,0.7262132,"{'neutral': 0.7262132, 'positive': 0.1788494, 'negative': 0.09493735}"
2,expecto patronum,neutral,0.7262132,"{'neutral': 0.7262132, 'positive': 0.1788494, 'negative': 0.09493735}"
2,expecto patronum,neutral,0.7262132,"{'neutral': 0.7262132, 'positive': 0.1788494, 'negative': 0.09493735}"
2,expecto hermione whisper expecto expecto,neutral,0.68898517,"{'neutral': 0.68898517, 'positive': 0.26572928, 'negative': 0.045285586}"
2,expecto patronum harry yelled try blot scream ear,neutral,0.725717,"{'neutral': 0.725717, 'positive': 0.13922404, 'negative': 0.13505897}"
2,expecto patronum,neutral,0.7262132,"{'neutral': 0.7262132, 'positive': 0.1788494, 'negative': 0.09493735}"
2,expecto expecto patronum,neutral,0.731885,"{'neutral': 0.731885, 'positive': 0.15346923, 'negative': 0.11464577}"
2,expecto patronum gasp,neutral,0.7528915,"{'neutral': 0.7528915, 'positive': 0.15810575, 'negative': 0.089002766}"
2,he innocent expecto expecto patronum,positive,0.5665538,"{'positive': 0.5665538, 'neutral': 0.39623916, 'negative': 0.037207045}"
2,he fight expecto patronum see distance hear familiar scream expecto patronum grope mist sirius find arm go take,neutral,0.87771696,"{'neutral': 0.87771696, 'positive': 0.09031431, 'negative': 0.031968784}"
2,it ron rat animagus pettigrew I mean,neutral,0.92117155,"{'neutral': 0.92117155, 'positive': 0.04359413, 'negative': 0.03523434}"
2,expecto patronum yell,neutral,0.73060644,"{'neutral': 0.73060644, 'positive': 0.18536444, 'negative': 0.08402918}"
2,alohomora,neutral,0.7425816,"{'neutral': 0.7425816, 'negative': 0.13014765, 'positive': 0.12727077}"
3,the dursley never allow general wish keep harry miserable possible coupled fear power lead lock school trunk cupboard stair every summer prior,negative,0.8835515,"{'negative': 0.8835515, 'neutral': 0.110323295, 'positive': 0.0061251856}"
3,incendio say mr weasley point wand hole wall behind,neutral,0.917138,"{'neutral': 0.917138, 'positive': 0.049092352, 'negative': 0.03376968}"
3,mrs weasley point wand george pocket say accio,neutral,0.8927685,"{'neutral': 0.8927685, 'positive': 0.07519911, 'negative': 0.032032397}"
3,accio,neutral,0.646958,"{'neutral': 0.646958, 'positive': 0.23394613, 'negative': 0.11909587}"
3,accio,neutral,0.646958,"{'neutral': 0.646958, 'positive': 0.23394613, 'negative': 0.11909587}"
3,accio shout toffee zoom sort unlikely place include line george jacket turnup fre jean,neutral,0.93208456,"{'neutral': 0.93208456, 'positive': 0.048965167, 'negative': 0.018950365}"
3,obliviate say sharply point wand mr roberts,neutral,0.7903468,"{'neutral': 0.7903468, 'positive': 0.10576227, 'negative': 0.10389098}"
3,ludo whip wand direct throat say sonorus speak roar sound fill pack stadium voice echo boom every corner stand,neutral,0.77531534,"{'neutral': 0.77531534, 'positive': 0.19663852, 'negative': 0.028046139}"
3,at last irish team leave box perform another lap honor broom aidan lynch back connolly clutch hard around waist still grin bemused sort way bagman point wand throat mutter quietus,neutral,0.8024739,"{'neutral': 0.8024739, 'positive': 0.17046079, 'negative': 0.027065251}"
3,oh stupid lumo,negative,0.8697174,"{'negative': 0.8697174, 'neutral': 0.11507605, 'positive': 0.015206559}"
3,morsmordre,neutral,0.7417862,"{'neutral': 0.7417862, 'negative': 0.12954268, 'positive': 0.1286711}"
3,stupefy roar twenty voice blind series flash harry feel hair head ripple though powerful wind sweep clearing,neutral,0.87098753,"{'neutral': 0.87098753, 'negative': 0.06513222, 'positive': 0.06388021}"
3,he raise wand point winky say rennervate,neutral,0.8578257,"{'neutral': 0.8578257, 'positive': 0.0735302, 'negative': 0.06864407}"
3,prior incantato roar mr diggory,neutral,0.70171213,"{'neutral': 0.70171213, 'positive': 0.22608161, 'negative': 0.07220617}"
3,deletrius mr diggory shout smoky skull vanish wisp smoke,neutral,0.8080627,"{'neutral': 0.8080627, 'negative': 0.10590219, 'positive': 0.08603507}"
3,ron say hermione reproachfully pull wand mutter reparo glass shard fly back single pane back door,neutral,0.796738,"{'neutral': 0.796738, 'negative': 0.15011972, 'positive': 0.053142242}"
3,he point wand mutter imperio,neutral,0.8635686,"{'neutral': 0.8635686, 'negative': 0.0685575, 'positive': 0.0678739}"
3,engorgio,neutral,0.69462866,"{'neutral': 0.69462866, 'positive': 0.18755388, 'negative': 0.11781743}"
3,moody raise wand point spider mutter crucio,neutral,0.8848735,"{'neutral': 0.8848735, 'positive': 0.06398533, 'negative': 0.051141217}"
3,reducio moody mutter spider shrink back proper size,neutral,0.7890798,"{'neutral': 0.7890798, 'positive': 0.12860866, 'negative': 0.082311556}"
3,avada kedavra hermione whisper,neutral,0.84519696,"{'neutral': 0.84519696, 'positive': 0.10070849, 'negative': 0.05409456}"
3,avada kedavra kill curse,negative,0.6402074,"{'negative': 0.6402074, 'neutral': 0.33955163, 'positive': 0.020240901}"
3,avada kedavra moody roar,neutral,0.8058906,"{'neutral': 0.8058906, 'positive': 0.13614142, 'negative': 0.057967957}"
3,avada kedavra curse need powerful bit magic behind could get wand point say word I doubt I get much nosebleed,negative,0.49721444,"{'negative': 0.49721444, 'neutral': 0.45219782, 'positive': 0.050587688}"
3,now three curse avada kedavra imperius cruciatus know unforgivable curse,negative,0.68408,"{'negative': 0.68408, 'neutral': 0.2956501, 'positive': 0.020269925}"
3,when avada kedavra way spider die snuff right,neutral,0.80547833,"{'neutral': 0.80547833, 'negative': 0.13422553, 'positive': 0.060296144}"
3,moody raise wand point harry say imperio,neutral,0.882352,"{'neutral': 0.882352, 'positive': 0.073174044, 'negative': 0.044473905}"
3,furnunculus harry yell,neutral,0.7876736,"{'neutral': 0.7876736, 'positive': 0.11563194, 'negative': 0.09669443}"
3,densaugeo scream malfoy,neutral,0.76026607,"{'neutral': 0.76026607, 'negative': 0.1646369, 'positive': 0.07509706}"
3,mr ollivander run finger along wand apparently check scratch bump mutter orchideous bunch flower burst wand tip,neutral,0.84588766,"{'neutral': 0.84588766, 'negative': 0.08118012, 'positive': 0.07293218}"
3,rather thick one usually see quite rigid ten quarter inch avis,neutral,0.72144043,"{'neutral': 0.72144043, 'negative': 0.21723533, 'positive': 0.06132419}"
3,stupefy shout unison stunning spell shoot darkness like fiery rocket burst shower star dragon scaly hide,neutral,0.5697596,"{'neutral': 0.5697596, 'negative': 0.3667373, 'positive': 0.06350308}"
3,diffindo,neutral,0.71664876,"{'neutral': 0.71664876, 'positive': 0.1708527, 'negative': 0.11249855}"
3,accio dictionary,neutral,0.78890157,"{'neutral': 0.78890157, 'positive': 0.14934057, 'negative': 0.061757784}"
3,accio firebolt shout,neutral,0.8130395,"{'neutral': 0.8130395, 'positive': 0.15982047, 'negative': 0.027140023}"
3,accio parchment,neutral,0.6731079,"{'neutral': 0.6731079, 'positive': 0.24396397, 'negative': 0.082928136}"
3,I learn animagus like sirius,neutral,0.66824615,"{'neutral': 0.66824615, 'positive': 0.24876174, 'negative': 0.08299213}"
3,an animagus wizard could transform animal,neutral,0.8009028,"{'neutral': 0.8009028, 'positive': 0.13523512, 'negative': 0.063861996}"
3,it take year become animagus register everything say hermione vaguely squint index weird wizarde dilemma their solution,neutral,0.7161012,"{'neutral': 0.7161012, 'negative': 0.24631163, 'positive': 0.037587132}"
3,lumos harry whisper fifteen minute later open library door,neutral,0.89896363,"{'neutral': 0.89896363, 'positive': 0.08412742, 'negative': 0.016909037}"
3,bagman give harry shoulder quick squeeze return judge table point wand throat do world cup say sonorus voice boom across dark water toward stand,neutral,0.8890655,"{'neutral': 0.8890655, 'positive': 0.07576826, 'negative': 0.03516624}"
3,relashio harry shout except sound come,neutral,0.8585832,"{'neutral': 0.8585832, 'positive': 0.074814975, 'negative': 0.066601805}"
3,they squeeze find cool dimly light cave,neutral,0.51547873,"{'neutral': 0.51547873, 'positive': 0.46957222, 'negative': 0.014949041}"
3,chicken say hoarsely remove old daily prophet mouth throw onto cave floor,negative,0.651081,"{'negative': 0.651081, 'neutral': 0.3312605, 'positive': 0.017658468}"
3,thank say sirius opening grab drumstick sit cave floor tear large chunk tooth,neutral,0.764771,"{'neutral': 0.764771, 'positive': 0.15596555, 'negative': 0.07926348}"
3,he nod yellow daily prophet cave floor ron pick unfold,neutral,0.8772768,"{'neutral': 0.8772768, 'positive': 0.09884777, 'negative': 0.023875548}"
3,you three dumbledore one around know I animagus say sirius shrug continue devour chicken leg,neutral,0.77537394,"{'neutral': 0.77537394, 'positive': 0.1554641, 'negative': 0.06916202}"
3,when harry finish sirius foot start pace cave,neutral,0.92729425,"{'neutral': 0.92729425, 'positive': 0.052319236, 'negative': 0.020386461}"
3,sirius pace around cave silence,neutral,0.87389725,"{'neutral': 0.87389725, 'positive': 0.0887597, 'negative': 0.03734302}"
3,the malfoy say ron suddenly loudly voice echo around cave buckbeak toss head nervously,neutral,0.90400267,"{'neutral': 0.90400267, 'positive': 0.056870095, 'negative': 0.039127164}"
3,he walk cave back say imagine voldemort powerful,neutral,0.82976675,"{'neutral': 0.82976675, 'positive': 0.11535564, 'negative': 0.054877635}"
3,sirius stare cave wall make grimace frustration,neutral,0.61048007,"{'neutral': 0.61048007, 'negative': 0.32683006, 'positive': 0.06268987}"
3,sirius lapse silence still stare cave wall,neutral,0.8505443,"{'neutral': 0.8505443, 'positive': 0.08981681, 'negative': 0.059638906}"
3,he transform great black dog leave cave walk back mountainside across boulderstrewn ground back stile,positive,0.6872148,"{'positive': 0.6872148, 'neutral': 0.29930001, 'negative': 0.013485206}"
3,he work flatout get homework though make point send regular food package cave mountain sirius last summer harry forget feel like continually hungry,neutral,0.6964552,"{'neutral': 0.6964552, 'negative': 0.19608866, 'positive': 0.10745621}"
3,lumos dumbledore say lighting wand holding,neutral,0.9017662,"{'neutral': 0.9017662, 'positive': 0.06371316, 'negative': 0.03452061}"
3,then dumbledore bent krum pointed wand mutter rennervate,neutral,0.8695883,"{'neutral': 0.8695883, 'negative': 0.07241161, 'positive': 0.058000036}"
3,crucio say cold voice,neutral,0.7962509,"{'neutral': 0.7962509, 'negative': 0.13403182, 'positive': 0.06971733}"
3,it I suggest mountainside cave safe place stay,neutral,0.72618884,"{'neutral': 0.72618884, 'positive': 0.26010376, 'negative': 0.013707382}"
3,bagman point wand throat mutter sonorus magically magnify voice echo stand,neutral,0.8250597,"{'neutral': 0.8250597, 'positive': 0.12640522, 'negative': 0.04853501}"
3,he pull wand mutter lumos hear cedric behind,neutral,0.91815054,"{'neutral': 0.91815054, 'positive': 0.05377753, 'negative': 0.0280719}"
3,he summon happy thought could concentrated might think get maze celebrate ron hermione raise wand cry expecto patronum,positive,0.64699894,"{'positive': 0.64699894, 'neutral': 0.3446641, 'negative': 0.008337008}"
3,riddikulus,neutral,0.82487893,"{'neutral': 0.82487893, 'positive': 0.089850575, 'negative': 0.08527045}"
3,reducto say,neutral,0.8238148,"{'neutral': 0.8238148, 'positive': 0.111941166, 'negative': 0.064244024}"
3,stupefy,neutral,0.6166831,"{'neutral': 0.6166831, 'negative': 0.31272805, 'positive': 0.07058889}"
3,impedimenta harry yell,neutral,0.69209284,"{'neutral': 0.69209284, 'positive': 0.2718954, 'negative': 0.036011677}"
3,impedimenta,neutral,0.7503512,"{'neutral': 0.7503512, 'positive': 0.16356729, 'negative': 0.086081564}"
3,crucio,neutral,0.657012,"{'neutral': 0.657012, 'positive': 0.19572522, 'negative': 0.14726278}"
3,stupefy harry yell,neutral,0.74250627,"{'neutral': 0.74250627, 'negative': 0.18079756, 'positive': 0.07669616}"
3,stupefy harry yelled spell hit spider gigantic hairy black body good might well throw stone spider jerk scuttle around run harry instead,neutral,0.6003553,"{'neutral': 0.6003553, 'negative': 0.25952214, 'positive': 0.14012246}"
3,stupefy,neutral,0.6166831,"{'neutral': 0.6166831, 'negative': 0.31272805, 'positive': 0.07058889}"
3,impedimenta,neutral,0.7503512,"{'neutral': 0.7503512, 'positive': 0.16356729, 'negative': 0.086081564}"
3,stupefy,neutral,0.6166831,"{'neutral': 0.6166831, 'negative': 0.31272805, 'positive': 0.07058889}"
3,he could hear cedric yell stupefy spell effect harry harry raised wand spider open pincer shout expelliarmus,neutral,0.8259982,"{'neutral': 0.8259982, 'positive': 0.14834207, 'negative': 0.02565972}"
3,without pause think aim high spider underbelly do skrewt shout stupefy cedric yelled thing,neutral,0.8825098,"{'neutral': 0.8825098, 'negative': 0.061423972, 'positive': 0.056066282}"
3,a swishing noise second voice screech word night avada kedavra,neutral,0.79758316,"{'neutral': 0.79758316, 'negative': 0.14703755, 'positive': 0.05537934}"
3,crucio,neutral,0.657012,"{'neutral': 0.657012, 'positive': 0.19572522, 'negative': 0.14726278}"
3,crucio,neutral,0.657012,"{'neutral': 0.657012, 'positive': 0.19572522, 'negative': 0.14726278}"
3,priori incantatem,neutral,0.6814046,"{'neutral': 0.6814046, 'negative': 0.21204348, 'positive': 0.10655191}"
3,all learn disarm spell expelliarmus use would deprive voldemort wand even could surround death eater outnumber least thirty one,negative,0.4926895,"{'negative': 0.4926895, 'neutral': 0.46825275, 'positive': 0.039057843}"
3,he know face thing moody always warn unblockable avada kedavra curse voldemort right mother die time,negative,0.59703285,"{'negative': 0.59703285, 'neutral': 0.3784929, 'positive': 0.024474207}"
3,imperio,neutral,0.6920926,"{'neutral': 0.6920926, 'positive': 0.18965936, 'negative': 0.1182481}"
3,as harry shout expelliarmus voldemort cry avada kedavra,neutral,0.76464915,"{'neutral': 0.76464915, 'positive': 0.13021971, 'negative': 0.10513111}"
3,impedimenta bellow point wand wildly shoulder death eater run,neutral,0.8033153,"{'neutral': 0.8033153, 'negative': 0.10487511, 'positive': 0.091809556}"
3,accio harry yelled point wand triwizard cup,neutral,0.77778995,"{'neutral': 0.77778995, 'positive': 0.18437713, 'negative': 0.037832886}"
3,stupefy there blind flash red light great splintering crash door moody office blast apart,neutral,0.5450094,"{'neutral': 0.5450094, 'negative': 0.3763839, 'positive': 0.07860671}"
3,then point wand man chest say rennervate,neutral,0.86564964,"{'neutral': 0.86564964, 'negative': 0.08520782, 'positive': 0.049142577}"
3,priori incantatem mutter,neutral,0.62503326,"{'neutral': 0.62503326, 'negative': 0.32776397, 'positive': 0.047202688}"
3,no see rita skeeter hermione voice tremble quiet triumph unregistere animagus,neutral,0.8197057,"{'neutral': 0.8197057, 'negative': 0.09674622, 'positive': 0.083548024}"
3,who use furnunculus curse,negative,0.7424739,"{'negative': 0.7424739, 'neutral': 0.24665384, 'positive': 0.010872303}"
3,point I whisper wand hold flat palm,neutral,0.8566493,"{'neutral': 0.8566493, 'positive': 0.095036015, 'negative': 0.04831463}"
3,point I whisper wand spin around pointed righthand one,neutral,0.8911414,"{'neutral': 0.8911414, 'positive': 0.0853646, 'negative': 0.023494069}"
4,where wand come lumo,neutral,0.83048725,"{'neutral': 0.83048725, 'positive': 0.11895979, 'negative': 0.050553005}"
4,expecto patronum,neutral,0.7262132,"{'neutral': 0.7262132, 'positive': 0.1788494, 'negative': 0.09493735}"
4,expecto patronum,neutral,0.7262132,"{'neutral': 0.7262132, 'positive': 0.1788494, 'negative': 0.09493735}"
4,expecto patronum,neutral,0.7262132,"{'neutral': 0.7262132, 'positive': 0.1788494, 'negative': 0.09493735}"
4,lumos,neutral,0.6599488,"{'neutral': 0.6599488, 'positive': 0.17776187, 'negative': 0.16228934}"
4,that could bit cleaning scourgify she point wand hedwig cage feather dropping vanish,neutral,0.81017804,"{'neutral': 0.81017804, 'negative': 0.115466855, 'positive': 0.074355125}"
4,locomotor trunk,neutral,0.8278084,"{'neutral': 0.8278084, 'positive': 0.10779607, 'negative': 0.0643955}"
4,bill take wand mutter evanesco scroll vanish,neutral,0.7934385,"{'neutral': 0.7934385, 'negative': 0.13979815, 'positive': 0.066763386}"
4,see I ave left say mundungus lean forward plead note voice I ad business opportunity,neutral,0.8007878,"{'neutral': 0.8007878, 'positive': 0.1273995, 'negative': 0.071812674}"
4,because ministry magic still voldemort know animagus wormtail tell big disguise useless,negative,0.5705403,"{'negative': 0.5705403, 'neutral': 0.3973972, 'positive': 0.032062545}"
4,something bad avada kedavra,negative,0.77334446,"{'negative': 0.77334446, 'neutral': 0.21621263, 'positive': 0.010442904}"
4,but anything bad avada kedavra curse say ron,negative,0.7898318,"{'negative': 0.7898318, 'neutral': 0.19921277, 'positive': 0.0109553905}"
4,no riddikulus,neutral,0.7982235,"{'neutral': 0.7982235, 'negative': 0.15408458, 'positive': 0.047691926}"
4,riddikulus,neutral,0.82487893,"{'neutral': 0.82487893, 'positive': 0.089850575, 'negative': 0.08527045}"
4,riddikulus,neutral,0.82487893,"{'neutral': 0.82487893, 'positive': 0.089850575, 'negative': 0.08527045}"
4,pull wand say firmly clearly riddikulus,neutral,0.87182665,"{'neutral': 0.87182665, 'positive': 0.06469541, 'negative': 0.06347792}"
4,scourgify,neutral,0.7559493,"{'neutral': 0.7559493, 'positive': 0.15718365, 'negative': 0.086867005}"
4,evanesco,neutral,0.81064427,"{'neutral': 0.81064427, 'positive': 0.13950144, 'negative': 0.049854334}"
4,right well I think tackle essay sprout selffertilize shrub first lucky able start mcgonagall inanimatus conjurus lunch,positive,0.5040935,"{'positive': 0.5040935, 'neutral': 0.48798808, 'negative': 0.007918443}"
4,you know probably try get homework do week harry muttered ron finally lay aside professor mcgonagall long essay inanimatus conjurus spell turn miserably professor sinistra equally long difficult essay jupiter moon,neutral,0.5465647,"{'neutral': 0.5465647, 'negative': 0.4116777, 'positive': 0.041757606}"
4,reparo harry mutter point wand break piece china,neutral,0.90268457,"{'neutral': 0.90268457, 'positive': 0.059742205, 'negative': 0.037573237}"
4,but twentyeight we none we animagus need much invisibility cloak invisibility marquee,neutral,0.6837019,"{'neutral': 0.6837019, 'negative': 0.16851805, 'positive': 0.14778003}"
4,harry point wand bullfrog hop hopefully toward side table accio zoom gloomily back hand,neutral,0.7809248,"{'neutral': 0.7809248, 'positive': 0.19591472, 'negative': 0.023160528}"
4,silencio,neutral,0.789074,"{'neutral': 0.789074, 'positive': 0.14667779, 'negative': 0.06424818}"
4,silencio say hermione hastily point wand harry frog deflate silently,neutral,0.8075904,"{'neutral': 0.8075904, 'negative': 0.12119903, 'positive': 0.07121054}"
4,silencio,neutral,0.789074,"{'neutral': 0.789074, 'positive': 0.14667779, 'negative': 0.06424818}"
4,silencio,neutral,0.789074,"{'neutral': 0.789074, 'positive': 0.14667779, 'negative': 0.06424818}"
4,silencio,neutral,0.789074,"{'neutral': 0.789074, 'positive': 0.14667779, 'negative': 0.06424818}"
4,silencio the raven continue open close sharp beak sound come,neutral,0.8445827,"{'neutral': 0.8445827, 'positive': 0.14236152, 'negative': 0.013055771}"
4,er silencio,neutral,0.84478664,"{'neutral': 0.84478664, 'positive': 0.116052665, 'negative': 0.03916071}"
4,he pull wand tap glass say impervius,neutral,0.84051883,"{'neutral': 0.84051883, 'positive': 0.118966326, 'negative': 0.040514916}"
4,if could keep rain face would really help visibility together come impervius,positive,0.7635371,"{'positive': 0.7635371, 'neutral': 0.22289751, 'negative': 0.013565425}"
4,they squelch deepen mud middle pitch visibility still poor even impervius charm light fade fast curtain rain sweeping ground,negative,0.7564299,"{'negative': 0.7564299, 'neutral': 0.22984695, 'positive': 0.0137231415}"
4,I think first thing expelliarmus know disarm charm,neutral,0.7241446,"{'neutral': 0.7241446, 'positive': 0.24172302, 'negative': 0.034132387}"
4,I think expelliarmus exactly go help we youknowwho,neutral,0.7287646,"{'neutral': 0.7287646, 'positive': 0.219895, 'negative': 0.051340412}"
4,the room suddenly full shout expelliarmus wands fly direction miss spell hit book shelf send fly air,neutral,0.7509057,"{'neutral': 0.7509057, 'positive': 0.13814485, 'negative': 0.11094944}"
4,expelliarmus say neville harry catch unawares feel wand fly hand,neutral,0.84522724,"{'neutral': 0.84522724, 'positive': 0.10003962, 'negative': 0.054733206}"
4,he blow whistle everybody stop shout expelliarmus last couple wand clatter floor,neutral,0.56471646,"{'neutral': 0.56471646, 'negative': 0.39048022, 'positive': 0.04480333}"
4,he could hear girl voice scream malfoy yell george swear whistle blow bellow crowd around care somebody vicinity yelled impedimenta knock backward force spell abandon attempt punch every inch malfoy could reach,neutral,0.7649862,"{'neutral': 0.7649862, 'negative': 0.17309119, 'positive': 0.061922535}"
4,so bowed outta way go find nice little cave ter spend night followin mornin go back time find karkus sittin waitin fer us lookin eager,neutral,0.74350363,"{'neutral': 0.74350363, 'positive': 0.23592114, 'negative': 0.020575274}"
4,that night fight break see mouth cave lookin valley,neutral,0.7606446,"{'neutral': 0.7606446, 'negative': 0.12878561, 'positive': 0.11056972}"
4,spend couple day lyin low cave watchin,neutral,0.8015556,"{'neutral': 0.8015556, 'negative': 0.15351301, 'positive': 0.044931363}"
4,yeah third night karkus kill crept outta cave bin hidin head back inter gully keepin eye skin fer death eater,neutral,0.51974356,"{'neutral': 0.51974356, 'negative': 0.4477636, 'positive': 0.03249292}"
4,cave must cramp say ron,neutral,0.7125059,"{'neutral': 0.7125059, 'negative': 0.2298372, 'positive': 0.057656996}"
4,the room soon full intermittent cry impedimenta people freeze minute partner would stare aimlessly around room watch pair work would unfreeze take turn jinx,negative,0.5043705,"{'negative': 0.5043705, 'neutral': 0.476766, 'positive': 0.018863514}"
4,he raise wand murmur portus moment kettle tremble glow odd blue light quiver rest solidly black ever,neutral,0.8669068,"{'neutral': 0.8669068, 'positive': 0.104312785, 'negative': 0.028780404}"
4,accio butterbeer,neutral,0.75225383,"{'neutral': 0.75225383, 'positive': 0.19362146, 'negative': 0.054124705}"
4,perhaps animagus,neutral,0.7559109,"{'neutral': 0.7559109, 'negative': 0.122048065, 'positive': 0.122041084}"
4,perhaps voldemort animagus,neutral,0.83749986,"{'neutral': 0.83749986, 'negative': 0.10563554, 'positive': 0.05686459}"
4,the healer point wand door janus thickey ward mutter alohomora the door swung open lead way inside keep firm grasp gilderoy arm settle armchair beside bed,neutral,0.91672295,"{'neutral': 0.91672295, 'positive': 0.06389645, 'negative': 0.019380603}"
4,legilimen,neutral,0.70695144,"{'neutral': 0.70695144, 'positive': 0.18126369, 'negative': 0.11178484}"
4,let go count three one two three legilimen,neutral,0.8206661,"{'neutral': 0.8206661, 'positive': 0.1476954, 'negative': 0.03163856}"
4,legilimen,neutral,0.70695144,"{'neutral': 0.70695144, 'positive': 0.18126369, 'negative': 0.11178484}"
4,bode injure workplace accident week prior death,negative,0.6564225,"{'negative': 0.6564225, 'neutral': 0.32427487, 'positive': 0.019302612}"
4,bode whose health improve steadily prior tragic accident,negative,0.48399568,"{'negative': 0.48399568, 'neutral': 0.45875788, 'positive': 0.05724644}"
4,otherwise well know I inform authority unregistere animagus,neutral,0.81156737,"{'neutral': 0.81156737, 'negative': 0.11453772, 'positive': 0.07389489}"
4,one two three legilimen,neutral,0.786971,"{'neutral': 0.786971, 'positive': 0.1615946, 'negative': 0.051434446}"
4,protego,neutral,0.6780551,"{'neutral': 0.6780551, 'positive': 0.24142647, 'negative': 0.0805185}"
4,reparo hiss snape jar seal,neutral,0.8569618,"{'neutral': 0.8569618, 'positive': 0.09466432, 'negative': 0.04837386}"
4,harry time gather together attempt clear mind snape already cry legilimen,neutral,0.7243812,"{'neutral': 0.7243812, 'negative': 0.14564845, 'positive': 0.12997034}"
4,professor flitwick go scurry wand hold squeak locomotor trunks professor trelawney luggage rise air proceed staircase professor flitwick bring rear,neutral,0.88491863,"{'neutral': 0.88491863, 'positive': 0.076395676, 'negative': 0.038685728}"
4,firecracker explode like mine everywhere harry look instead burn fade sight fizzling halt pyrotechnical miracle seem gain energy momentum long watch,neutral,0.6813647,"{'neutral': 0.6813647, 'positive': 0.17220032, 'negative': 0.14643492}"
4,they school unless something stupefy,neutral,0.75156426,"{'neutral': 0.75156426, 'negative': 0.20942801, 'positive': 0.03900777}"
4,accio,neutral,0.646958,"{'neutral': 0.646958, 'positive': 0.23394613, 'negative': 0.11909587}"
4,snape react fast though expect attack drop bag plunge hand inside robe wand halfway air james shout expelliarmus,neutral,0.8676202,"{'neutral': 0.8676202, 'positive': 0.075002894, 'negative': 0.05737688}"
4,impedimenta say point wand snape knock foot halfway dive toward fall wand,neutral,0.88134015,"{'neutral': 0.88134015, 'positive': 0.08434087, 'negative': 0.034318894}"
4,scourgify,neutral,0.7559493,"{'neutral': 0.7559493, 'positive': 0.15718365, 'negative': 0.086867005}"
4,disentangle robe get quickly foot wand sirius say petrificus totalus snape keel rigid board,neutral,0.86985785,"{'neutral': 0.86985785, 'positive': 0.08107622, 'negative': 0.049065992}"
4,so even bewitch door alohomora work I bet,neutral,0.76910615,"{'neutral': 0.76910615, 'positive': 0.18414235, 'negative': 0.04675148}"
4,and umbridge could say word raise wand say together accio broom,neutral,0.8871136,"{'neutral': 0.8871136, 'positive': 0.07804852, 'negative': 0.034837972}"
4,reparo say hermione quickly mend ron cup wave wand,neutral,0.8822483,"{'neutral': 0.8822483, 'positive': 0.096831694, 'negative': 0.020920062}"
4,they murmur lumos wand tip ignite,neutral,0.57615983,"{'neutral': 0.57615983, 'negative': 0.3881, 'positive': 0.035740186}"
4,expecto patronum,neutral,0.7262132,"{'neutral': 0.7262132, 'positive': 0.1788494, 'negative': 0.09493735}"
4,harry see longfingere white hand clutch wand rise end arm hear high cold voice say crucio,neutral,0.89114535,"{'neutral': 0.89114535, 'positive': 0.09021698, 'negative': 0.01863772}"
4,be quiet shout hermione late umbridge pointed wand magorian scream incarcerous,neutral,0.65236276,"{'neutral': 0.65236276, 'negative': 0.2732656, 'positive': 0.07437164}"
4,flagrate,neutral,0.45971859,"{'neutral': 0.45971859, 'negative': 0.45736372, 'positive': 0.08291769}"
4,she point wand place lock would ordinary door say alohomora,neutral,0.9093536,"{'neutral': 0.9093536, 'negative': 0.050779574, 'positive': 0.039866794}"
4,the word hardly mouth female death eater shriek accio proph,negative,0.7761272,"{'negative': 0.7761272, 'neutral': 0.2126325, 'positive': 0.011240241}"
4,he shout protego finish spell though glass sphere slip tip finger manage cle,neutral,0.8763493,"{'neutral': 0.8763493, 'positive': 0.10116985, 'negative': 0.022480927}"
4,five different voice behind bellow reducto five curse fly five different direction shelf opposite explode hit,neutral,0.8199493,"{'neutral': 0.8199493, 'negative': 0.1185279, 'positive': 0.0615228}"
4,something heavy strike side face merely duck head sprint onward hand catch shoulder hear hermione shout stupefy hand release,neutral,0.8739956,"{'neutral': 0.8739956, 'negative': 0.06989063, 'positive': 0.056113806}"
4,colloportus gasp hermione door seal odd squelching noise,neutral,0.8582567,"{'neutral': 0.8582567, 'negative': 0.08385646, 'positive': 0.05788682}"
4,alohomora,neutral,0.7425816,"{'neutral': 0.7425816, 'negative': 0.13014765, 'positive': 0.12727077}"
4,poke wand desk shout stupefy,neutral,0.7110004,"{'neutral': 0.7110004, 'negative': 0.19446617, 'positive': 0.0945334}"
4,avada,neutral,0.6868798,"{'neutral': 0.6868798, 'positive': 0.18412143, 'negative': 0.12899865}"
4,neville overturned desk anxiety help point wand wildly struggle pair cry expelliarmus,negative,0.6210413,"{'negative': 0.6210413, 'neutral': 0.35621685, 'positive': 0.02274178}"
4,harry flung sideways neville take aim shout stupefy,neutral,0.7995709,"{'neutral': 0.7995709, 'negative': 0.1349441, 'positive': 0.06548498}"
4,stupefy scream hermione catch,neutral,0.7002136,"{'neutral': 0.7002136, 'positive': 0.15229361, 'negative': 0.14749284}"
4,accio wand cry hermione,neutral,0.7562962,"{'neutral': 0.7562962, 'positive': 0.1412533, 'negative': 0.102450415}"
4,with cry triumph yelled impedimenta,neutral,0.69813544,"{'neutral': 0.69813544, 'positive': 0.25273594, 'negative': 0.049128648}"
4,silencio cry hermione man voice extinguish,neutral,0.6895412,"{'neutral': 0.6895412, 'negative': 0.26189765, 'positive': 0.048561156}"
4,petrificus totalus shout harry second death eater raise wand,neutral,0.6410121,"{'neutral': 0.6410121, 'negative': 0.29184806, 'positive': 0.0671399}"
4,harry seize chance petrificus totalus,neutral,0.631885,"{'neutral': 0.631885, 'positive': 0.34101656, 'negative': 0.027098475}"
4,colloportus shout harry hear three body slam door side,neutral,0.8181544,"{'neutral': 0.8181544, 'negative': 0.09829804, 'positive': 0.083547615}"
4,colloportus,neutral,0.7593167,"{'neutral': 0.7593167, 'negative': 0.12075706, 'positive': 0.119926214}"
4,honest harry brain look accio brain,neutral,0.81734514,"{'neutral': 0.81734514, 'negative': 0.09152461, 'positive': 0.091130234}"
4,diffindo yell harry try sever feeler wrap tightly around ron eye would break,neutral,0.6718721,"{'neutral': 0.6718721, 'negative': 0.27485967, 'positive': 0.05326816}"
4,crucio,neutral,0.657012,"{'neutral': 0.657012, 'positive': 0.19572522, 'negative': 0.14726278}"
4,the man relinquish harry howl pain harry whirl around face gasp stupefy,neutral,0.735203,"{'neutral': 0.735203, 'negative': 0.22598168, 'positive': 0.038815275}"
4,tarantallegra shout wand point neville whose leg go immediately kind frenzied tap dance unbalance cause fall floor,neutral,0.75294,"{'neutral': 0.75294, 'negative': 0.17907943, 'positive': 0.06798058}"
4,he make slash movement wand use hermione harry yelled protego,neutral,0.88630795,"{'neutral': 0.88630795, 'positive': 0.08700779, 'negative': 0.026684167}"
4,accio proph,neutral,0.72909474,"{'neutral': 0.72909474, 'positive': 0.14331566, 'negative': 0.12758961}"
4,spring harry yelled petrificus totalus once dolohov arm leg snap together keel backward landing crash back,neutral,0.7668449,"{'neutral': 0.7668449, 'negative': 0.13680638, 'positive': 0.096348695}"
4,malfoy point wand instead neville harry jabbed wand back shoulder yelled impedimenta,neutral,0.80055624,"{'neutral': 0.80055624, 'negative': 0.15408807, 'positive': 0.04535568}"
4,here say lupin quietly point wand neville leg say finite the spell lift,neutral,0.89274967,"{'neutral': 0.89274967, 'positive': 0.08320086, 'negative': 0.024049522}"
4,the brain slip slide begin spin long colored tentacle shout wingardium leviosa fly air away,neutral,0.82644147,"{'neutral': 0.82644147, 'positive': 0.106446244, 'negative': 0.0671123}"
4,he fling behind fountain bellow crucio,neutral,0.89775074,"{'neutral': 0.89775074, 'positive': 0.07983627, 'negative': 0.022413008}"
4,she scream crucio force duck centaur arm hold bow spin land crash floor short distance golden wizard head,neutral,0.8011359,"{'neutral': 0.8011359, 'positive': 0.11599899, 'negative': 0.08286511}"
4,stupefy yelled harry,neutral,0.82920873,"{'neutral': 0.82920873, 'positive': 0.096254334, 'negative': 0.07453701}"
4,protego,neutral,0.6780551,"{'neutral': 0.6780551, 'positive': 0.24142647, 'negative': 0.0805185}"
4,you ve get it potter and you will give it to I accio prophecy,neutral,0.817606,"{'neutral': 0.817606, 'positive': 0.13092878, 'negative': 0.05146522}"
4,accio prophecy,neutral,0.73156726,"{'neutral': 0.73156726, 'positive': 0.19356324, 'negative': 0.074869536}"
4,master I sorry I know I fight animagus black sob bellatrix fling voldemort foot pace slowly nearer,neutral,0.5662829,"{'neutral': 0.5662829, 'negative': 0.36856017, 'positive': 0.06515698}"
4,avada kedavra,neutral,0.83038753,"{'neutral': 0.83038753, 'positive': 0.09063376, 'negative': 0.07897873}"
4,he point wand mutter portus the head glow blue tremble noisily wooden floor second become still,neutral,0.845477,"{'neutral': 0.845477, 'positive': 0.1081104, 'negative': 0.04641258}"
4,but I sufficiently accomplish legilimen know I lie I persuade tell full story I leave department mystery,neutral,0.6354757,"{'neutral': 0.6354757, 'negative': 0.20756218, 'positive': 0.15696214}"
4,up cave like sirius,neutral,0.70819515,"{'neutral': 0.70819515, 'positive': 0.20009093, 'negative': 0.091713876}"
4,don stupid much quick I pack,neutral,0.57715696,"{'neutral': 0.57715696, 'negative': 0.2934173, 'positive': 0.12942573}"
5,fool dark lord greatest wizard accomplish legilimen world ever see,negative,0.45645532,"{'negative': 0.45645532, 'neutral': 0.36667117, 'positive': 0.17687352}"
5,lumos,neutral,0.6599488,"{'neutral': 0.6599488, 'positive': 0.17776187, 'negative': 0.16228934}"
5,you join order teach hogwart say harry could quite keep note derision voice it hard sympathize slughorn cosseted existence remember sirius crouch cave living rat,neutral,0.64682627,"{'neutral': 0.64682627, 'negative': 0.29197854, 'positive': 0.061195172}"
5,at beauxbaton say fleur complacently ad different way thing,neutral,0.84245193,"{'neutral': 0.84245193, 'negative': 0.09094703, 'positive': 0.066601016}"
5,anapneo say slughorn calmly point wand belby whose airway seem clear,neutral,0.7091834,"{'neutral': 0.7091834, 'positive': 0.2748033, 'negative': 0.016013278}"
5,petrificus totalus,neutral,0.6189883,"{'neutral': 0.6189883, 'negative': 0.26435056, 'positive': 0.11666124}"
5,then remember wizard like dumbledore could perform spell without speak try summon wand fall hand say word accio wand head nothing happen,neutral,0.77482104,"{'neutral': 0.77482104, 'positive': 0.11502804, 'negative': 0.11015087}"
5,she pull open train door leapt onto platform seem slide underneath train gather momentum,neutral,0.9153537,"{'neutral': 0.9153537, 'positive': 0.07270922, 'negative': 0.011937084}"
5,episkey say tonk,neutral,0.7674043,"{'neutral': 0.7674043, 'negative': 0.12731847, 'positive': 0.10527716}"
5,alohomora say confidently point wand padlock nothing happen,neutral,0.7631057,"{'neutral': 0.7631057, 'positive': 0.12672816, 'negative': 0.11016614}"
5,she raise wand say tergeo siphon dried blood,neutral,0.80327344,"{'neutral': 0.80327344, 'negative': 0.15158965, 'positive': 0.04513695}"
5,he get new home mountain dumbledore fix nice big cave,positive,0.744291,"{'positive': 0.744291, 'neutral': 0.24668884, 'negative': 0.009020173}"
5,he turn wand harry fast harry react instinctively think nonverbal spell forget yelled protego,neutral,0.8825521,"{'neutral': 0.8825521, 'positive': 0.059612714, 'negative': 0.057835173}"
5,specialis revelio say rap smartly front cover,neutral,0.6822847,"{'neutral': 0.6822847, 'positive': 0.28930542, 'negative': 0.028409896}"
5,merope stumble across room time raise wand ogden lift say firmly reparo the pot mend instantly,neutral,0.86059356,"{'neutral': 0.86059356, 'positive': 0.11123398, 'negative': 0.028172454}"
5,both harry ogden yell no time ogden raise wand cry relashio gaunt throw backward away daughter trip chair fall flat back,neutral,0.60305536,"{'neutral': 0.60305536, 'negative': 0.33020037, 'positive': 0.066744305}"
5,and suppose practice aguamenti charm flitwick,neutral,0.8594074,"{'neutral': 0.8594074, 'positive': 0.109447725, 'negative': 0.03114481}"
5,he pull old copy advanced potionmake bag tap cover wand mutter diffindo the cover fall,neutral,0.9002186,"{'neutral': 0.9002186, 'positive': 0.059480943, 'negative': 0.040300425}"
5,he swap cover tap say reparo,neutral,0.9001091,"{'neutral': 0.9001091, 'positive': 0.058269072, 'negative': 0.041621868}"
5,there hex cause toenail grow alarmingly fast try crabbe corridor entertaining result jinx glue tongue roof mouth twice use general applause unsuspecte argus filch perhaps useful muffliato spell fill ear anyone nearby unidentifiable buzz lengthy conversation could hold class without overheard,neutral,0.6137484,"{'neutral': 0.6137484, 'negative': 0.33330056, 'positive': 0.052951068}"
5,the person find charm amusing hermione maintain rigidly disapprove expression throughout refuse talk harry use muffliato spell anyone vicinity,neutral,0.6948427,"{'neutral': 0.6948427, 'negative': 0.17540081, 'positive': 0.12975651}"
5,levicorpus nvbl,neutral,0.7875003,"{'neutral': 0.7875003, 'positive': 0.14772749, 'negative': 0.06477222}"
5,point wand nothing particular give upward flick say levicorpus,neutral,0.8636151,"{'neutral': 0.8636151, 'negative': 0.08786784, 'positive': 0.04851706}"
5,he grope potion book riffle panic try find right page last locate decipher one cramp word underneath spell pray counterjinx harry think liberacorpus,neutral,0.7682712,"{'neutral': 0.7682712, 'negative': 0.14416045, 'positive': 0.087568305}"
5,and mrs cole take another swig gin slop little chin time summer outing take know year countryside seaside well amy benson dennis bishop never quite right afterwards ever get go cave tom riddle,neutral,0.68711853,"{'neutral': 0.68711853, 'negative': 0.23042071, 'positive': 0.082460746}"
5,the little story strangle rabbit young boy girl lure cave suggestive,neutral,0.87059903,"{'neutral': 0.87059903, 'negative': 0.08710824, 'positive': 0.042292714}"
5,okay professor start say ron add quietly turn away use muffliato harry,neutral,0.87197495,"{'neutral': 0.87197495, 'positive': 0.0860836, 'negative': 0.041941468}"
5,reparo say hastily poke piece wand bowl spring back together,neutral,0.8732564,"{'neutral': 0.8732564, 'positive': 0.106780946, 'negative': 0.019962693}"
5,I fix say harry land beside two girl point wand demelza mouth say episkey and ginny call ron prat captain team,neutral,0.7952848,"{'neutral': 0.7952848, 'negative': 0.123322174, 'positive': 0.08139294}"
5,oppugno come shriek doorway,neutral,0.70260584,"{'neutral': 0.70260584, 'negative': 0.16891895, 'positive': 0.12847519}"
5,one levicorpus,neutral,0.73270106,"{'neutral': 0.73270106, 'positive': 0.2335934, 'negative': 0.033705596}"
5,as far I aware know day riddle die avada kedavra curse usually leave sign damage,negative,0.53020525,"{'negative': 0.53020525, 'neutral': 0.45308378, 'positive': 0.016710911}"
5,ernie macmillan however mutter specialis revelio cauldron sound impressive harry ron hastened imitate,positive,0.52793384,"{'positive': 0.52793384, 'neutral': 0.4549419, 'negative': 0.01712429}"
5,harry react instinctively wand pocket incantation spring mind without conscious thought levicorpus,neutral,0.88372236,"{'neutral': 0.88372236, 'positive': 0.09120229, 'negative': 0.025075383}"
5,harry pointed wand hastily door madam pomfrey office mutter muffliato would come run,neutral,0.8547361,"{'neutral': 0.8547361, 'positive': 0.08844307, 'negative': 0.056820825}"
5,harry aim wand peeve say langlock peeve clutch throat gulp swooped room make obscene gesture unable speak owe fact tongue glue roof mouth,negative,0.6854198,"{'negative': 0.6854198, 'neutral': 0.2995705, 'positive': 0.015009736}"
5,yeah I say harry glance toward madam pomfrey office door check muffliato spell still work sign hear commotion,neutral,0.8422728,"{'neutral': 0.8422728, 'positive': 0.12444764, 'negative': 0.03327956}"
5,she tap broken scale wand say reparo the girl say thank remain rooted spot pass watch sight ron glance back,neutral,0.9036605,"{'neutral': 0.9036605, 'positive': 0.06047949, 'negative': 0.035860024}"
5,he find incantation sectumsempra scrawl margin intriguing word for enemy itching try think good front hermione,neutral,0.6609622,"{'neutral': 0.6609622, 'positive': 0.25975534, 'negative': 0.07928249}"
5,sectumsempra,neutral,0.7269315,"{'neutral': 0.7269315, 'negative': 0.13861002, 'positive': 0.13445845}"
5,exhausted delighted night work harry tell ron hermione everything happen next morning charm lesson first cast muffliato spell upon nearest,neutral,0.6741586,"{'neutral': 0.6741586, 'positive': 0.17309758, 'negative': 0.1527438}"
5,harry put book away notice corner page fold turning see sectumsempra spell caption for enemy mark week previously,neutral,0.89896446,"{'neutral': 0.89896446, 'negative': 0.068323314, 'positive': 0.032712203}"
5,malfoy hex miss harry inch shatter lamp wall beside harry throw sideways think levicorpus,neutral,0.7708805,"{'neutral': 0.7708805, 'negative': 0.18228392, 'positive': 0.0468355}"
5,sectumsempra bellow harry floor wave wand wildly,neutral,0.77234674,"{'neutral': 0.77234674, 'positive': 0.17416848, 'negative': 0.05348471}"
5,but call sectumsempra spell good ginny look land,neutral,0.51827973,"{'neutral': 0.51827973, 'positive': 0.38143677, 'negative': 0.10028356}"
5,I sure though I think rule snake I believe hidden cave coast many mile cave I try locate long time cave tom riddle terrorize two child orphanage annual trip remember,neutral,0.76872253,"{'neutral': 0.76872253, 'positive': 0.1334024, 'negative': 0.09787508}"
5,the cave,neutral,0.8010896,"{'neutral': 0.8010896, 'positive': 0.11468049, 'negative': 0.08422992}"
5,lumos say dumbledore reach boulder close cliff face,neutral,0.81642336,"{'neutral': 0.81642336, 'negative': 0.10043135, 'positive': 0.08314527}"
5,when harry reach spot find step lead large cave,neutral,0.8403691,"{'neutral': 0.8403691, 'positive': 0.14466701, 'negative': 0.014963863}"
5,dumbledore stand middle cave wand hold high turn slowly spot examine wall ceiling,neutral,0.9060018,"{'neutral': 0.9060018, 'positive': 0.0772344, 'negative': 0.016763816}"
5,dumbledore approach wall cave caress blacken fingertip murmur word strange tongue harry understand,neutral,0.9168888,"{'neutral': 0.9168888, 'positive': 0.06300856, 'negative': 0.020102615}"
5,twice dumbledore walk right around cave touch much rough rock could occasionally pause run finger backward forward particular spot finally stop hand press flat wall,neutral,0.9067274,"{'neutral': 0.9067274, 'positive': 0.07501616, 'negative': 0.018256456}"
5,dumbledore step back cave wall point wand rock,neutral,0.8393955,"{'neutral': 0.8393955, 'positive': 0.1304678, 'negative': 0.030136688}"
5,thank say harry gratefully dumbledore already turn attention back solid cave wall,positive,0.81413007,"{'positive': 0.81413007, 'neutral': 0.17453063, 'negative': 0.0113393525}"
5,harry expect clear throat say loudly wand aloft accio horcrux,neutral,0.5836175,"{'neutral': 0.5836175, 'positive': 0.39814785, 'negative': 0.01823456}"
5,no say harry shake dumbledore dead say poison wake wake rennervate cry wand point dumbledore chest flash red light nothing happen,neutral,0.6054046,"{'neutral': 0.6054046, 'negative': 0.36199415, 'positive': 0.032601215}"
5,rennervate sir please,neutral,0.67505616,"{'neutral': 0.67505616, 'positive': 0.27211225, 'negative': 0.052831586}"
5,aguamenti shout jab goblet wand,neutral,0.8357636,"{'neutral': 0.8357636, 'positive': 0.10002345, 'negative': 0.06421308}"
5,but I wait aguamenti say harry pointing wand goblet,neutral,0.8440862,"{'neutral': 0.8440862, 'positive': 0.11184826, 'negative': 0.044065494}"
5,aguamenti aguamenti aguamenti,neutral,0.7520889,"{'neutral': 0.7520889, 'positive': 0.14424387, 'negative': 0.1036672}"
5,petrificus totalus yell harry struggle cle smooth soak surface island point wand inferius arm it release fall backward water splash scramble foot many inferi already climb onto rock bony hand claw slippery surface blank frosted eye upon trail waterlogge rag sink face leer,neutral,0.8358909,"{'neutral': 0.8358909, 'negative': 0.1097655, 'positive': 0.054343585}"
5,petrificus totalus harry bellow back away swipe wand air six seven crumpled come toward,neutral,0.83361053,"{'neutral': 0.83361053, 'positive': 0.12315804, 'negative': 0.0432314}"
5,impedimenta,neutral,0.7503512,"{'neutral': 0.7503512, 'positive': 0.16356729, 'negative': 0.086081564}"
5,incarcerous,negative,0.57493716,"{'negative': 0.57493716, 'neutral': 0.3694811, 'positive': 0.055581726}"
5,still slash air wand harry yell sectumsempra sectumsempra,neutral,0.783163,"{'neutral': 0.783163, 'positive': 0.16616945, 'negative': 0.050667573}"
5,they cross outer cave harry help dumbledore back icy seawater fill crevice cliff,neutral,0.9003174,"{'neutral': 0.9003174, 'positive': 0.083975606, 'negative': 0.015706921}"
5,accio rosmerta broom,neutral,0.744581,"{'neutral': 0.744581, 'positive': 0.18731625, 'negative': 0.0681027}"
5,the door burst open somebody erupt shout expelliarmus,neutral,0.6009406,"{'neutral': 0.6009406, 'negative': 0.29403916, 'positive': 0.105020255}"
5,he could understand happen expelliarmus freeze charm,neutral,0.66295946,"{'neutral': 0.66295946, 'positive': 0.31990698, 'negative': 0.017133621}"
5,but moment renew sound scuffling voice shout they block stair reducto,neutral,0.5346353,"{'neutral': 0.5346353, 'negative': 0.4432291, 'positive': 0.022135532}"
5,reducto,neutral,0.7986406,"{'neutral': 0.7986406, 'positive': 0.14250413, 'negative': 0.05885527}"
5,avada kedavra,neutral,0.83038753,"{'neutral': 0.83038753, 'positive': 0.09063376, 'negative': 0.07897873}"
5,petrificus totalus,neutral,0.6189883,"{'neutral': 0.6189883, 'negative': 0.26435056, 'positive': 0.11666124}"
5,petrificus totalus,neutral,0.6189883,"{'neutral': 0.6189883, 'negative': 0.26435056, 'positive': 0.11666124}"
5,harry see red hair fly like flame front ginny lock combat lumpy death eater amycus throw hex hex dodge amycus giggle enjoy sport crucio crucio dance forever pretty,positive,0.811733,"{'positive': 0.811733, 'neutral': 0.17855279, 'negative': 0.009714217}"
5,impedimenta yell harry,neutral,0.6212556,"{'neutral': 0.6212556, 'positive': 0.33752832, 'negative': 0.041216068}"
5,impedimenta yell roll crouch close dark ground miraculously jinx hit one stumble fall trip harry leapt foot sprint snape,neutral,0.60946536,"{'neutral': 0.60946536, 'positive': 0.372309, 'negative': 0.018225687}"
5,harry tore past hagrid opponent take aim snape back yelled stupefy,neutral,0.7761334,"{'neutral': 0.7761334, 'negative': 0.16328299, 'positive': 0.060583632}"
5,but snape parried curse knock harry backward foot could complete harry roll scramble back huge death eater behind yell incendio harry hear explosive bang dance orange light spill hagrid house fire,neutral,0.5852604,"{'neutral': 0.5852604, 'negative': 0.3564561, 'positive': 0.05828352}"
5,we put house say harry charm aguamenti,neutral,0.8931182,"{'neutral': 0.8931182, 'positive': 0.0818889, 'negative': 0.024992961}"
5,know summat like mumble hagrid raise smolder pink flowery umbrella say aguamenti,neutral,0.8570935,"{'neutral': 0.8570935, 'positive': 0.10558687, 'negative': 0.037319597}"
5,harry raise wand arm feel like lead murmur aguamenti together hagrid pour water house last flame extinguish,neutral,0.85338783,"{'neutral': 0.85338783, 'positive': 0.09341523, 'negative': 0.05319692}"
5,harry remember snape mend malfoy sectumsempra wound easily wand,neutral,0.874719,"{'neutral': 0.874719, 'positive': 0.07974536, 'negative': 0.045535564}"
5,the avada kedavra harry go,neutral,0.8537787,"{'neutral': 0.8537787, 'positive': 0.09780505, 'negative': 0.048416283}"
5,we try everything lumos incendio say ginny,neutral,0.68637943,"{'neutral': 0.68637943, 'positive': 0.26513776, 'negative': 0.04848276}"
5,he know I use sectumsempra,neutral,0.8227459,"{'neutral': 0.8227459, 'positive': 0.13255244, 'negative': 0.04470162}"
6,avada kedavra,neutral,0.83038753,"{'neutral': 0.83038753, 'positive': 0.09063376, 'negative': 0.07897873}"
6,wriggle around cry stupefy red bolt light shoot wand cleave gap four pursue death eater scatter avoid,neutral,0.5415584,"{'neutral': 0.5415584, 'negative': 0.42993665, 'positive': 0.028505031}"
6,reparo,neutral,0.776049,"{'neutral': 0.776049, 'positive': 0.143033, 'negative': 0.080917984}"
6,in desperation harry pointed wand sidecar shout wingardium leviosa,neutral,0.708574,"{'neutral': 0.708574, 'negative': 0.20237985, 'positive': 0.08904612}"
6,I comin harry hagrid yell darkness harry could feel sidecar beginning sink crouch low could point middle oncoming figure yelled impedimenta,neutral,0.8164213,"{'neutral': 0.8164213, 'negative': 0.10816645, 'positive': 0.07541226}"
6,as soar upward away two remain death eater harry spat blood mouth point wand fall sidecar yell confringo,neutral,0.5643275,"{'neutral': 0.5643275, 'negative': 0.40287948, 'positive': 0.032793052}"
6,expelliarmus harry yell,neutral,0.70146865,"{'neutral': 0.70146865, 'positive': 0.2488091, 'negative': 0.049722195}"
6,it he could see hear voldemort glimpse another death eater swooping way hear avada,neutral,0.79912,"{'neutral': 0.79912, 'negative': 0.15525743, 'positive': 0.045622535}"
6,hagrid accio hagrid,neutral,0.86057067,"{'neutral': 0.86057067, 'positive': 0.07020187, 'negative': 0.06922745}"
6,stan I stun fall die I use avada kedavra,neutral,0.63419026,"{'neutral': 0.63419026, 'negative': 0.29662496, 'positive': 0.069184765}"
6,expelliarmus save voldemort two year ago harry add defiantly,neutral,0.8055407,"{'neutral': 0.8055407, 'positive': 0.12616226, 'negative': 0.06829706}"
6,expelliarmus useful spell harry death eater seem think signature move I urge let become,neutral,0.7145015,"{'neutral': 0.7145015, 'positive': 0.23628421, 'negative': 0.04921426}"
6,sectumsempra always speciality snape,neutral,0.61044407,"{'neutral': 0.61044407, 'positive': 0.33600426, 'negative': 0.053551625}"
6,of course none guest death eater guarantee zat zey let something slip zey ave ad champagne,neutral,0.55934846,"{'neutral': 0.55934846, 'negative': 0.40954015, 'positive': 0.031111388}"
6,hastily pull wand point rag say tergeo,neutral,0.80353874,"{'neutral': 0.80353874, 'positive': 0.123801045, 'negative': 0.07266023}"
6,descendo mutter ron pointing wand low ceiling,neutral,0.8498521,"{'neutral': 0.8498521, 'negative': 0.09637679, 'positive': 0.053771112}"
6,you know accio,neutral,0.8305252,"{'neutral': 0.8305252, 'positive': 0.08474819, 'negative': 0.08472651}"
6,harry seize wand lie beside camp bed point cluttered desk leave glass say accio glass although around foot away something immensely satisfy see zoom toward least poke eye,neutral,0.7634895,"{'neutral': 0.7634895, 'positive': 0.21756347, 'negative': 0.018947098}"
6,muffliato whisper wave wand direction stair,neutral,0.8727247,"{'neutral': 0.8727247, 'positive': 0.07877052, 'negative': 0.04850482}"
6,as push way across dance floor harry see cloak mask figure appear crowd see lupin tonk wand raise hear shout protego cry echo side,neutral,0.89230144,"{'neutral': 0.89230144, 'positive': 0.09363737, 'negative': 0.014061279}"
6,the force death eater spell shatter tile wall ron head harry still invisible yelled stupefy,negative,0.56430453,"{'negative': 0.56430453, 'neutral': 0.41676143, 'positive': 0.018934011}"
6,expulso bellow death eater table behind harry standing blew the force explosion slam wall feel wand leave hand cloak slip,neutral,0.7370915,"{'neutral': 0.7370915, 'negative': 0.20981915, 'positive': 0.053089388}"
6,petrificus totalus scream hermione sight death eater fall forward like statue land crunch thud mess break china table coffee,negative,0.7679579,"{'negative': 0.7679579, 'neutral': 0.209224, 'positive': 0.022818059}"
6,diffindo,neutral,0.71664876,"{'neutral': 0.71664876, 'positive': 0.1708527, 'negative': 0.11249855}"
6,she take deep calm breath point wand dolohov forehead say obliviate,neutral,0.69661206,"{'neutral': 0.69661206, 'positive': 0.28401512, 'negative': 0.01937287}"
6,before go far I think well check whisper hermione raise wand say homenum revelio,neutral,0.86684257,"{'neutral': 0.86684257, 'positive': 0.11371652, 'negative': 0.01944093}"
6,on landing whisper lumos start climb stair wandlight,neutral,0.8855938,"{'neutral': 0.8855938, 'positive': 0.090056494, 'negative': 0.024349762}"
6,hermione point wand handle say alohomora there click door swung open,neutral,0.8579872,"{'neutral': 0.8579872, 'positive': 0.100065075, 'negative': 0.041947737}"
6,she raise wand say accio locket,neutral,0.8507012,"{'neutral': 0.8507012, 'positive': 0.12620112, 'negative': 0.023097642}"
6,like voldemort put stone basin cave say harry remember unable summon fake locket,neutral,0.64980495,"{'neutral': 0.64980495, 'negative': 0.3201739, 'positive': 0.03002118}"
6,the dark lord tell kreacher take kreacher cave beside sea,neutral,0.803104,"{'neutral': 0.803104, 'negative': 0.15709783, 'positive': 0.039798196}"
6,and beyond cave cavern cavern great black lake,neutral,0.6372888,"{'neutral': 0.6372888, 'positive': 0.3376106, 'negative': 0.0251006}"
6,but apparate cave say harry otherwise dumbledore,neutral,0.88367504,"{'neutral': 0.88367504, 'positive': 0.06995893, 'negative': 0.046366025}"
6,and little later master regulus come find kreacher cupboard one night master regulus strange usually disturb mind kreacher could tell ask kreacher take cave cave kreacher go dark lord,neutral,0.8128588,"{'neutral': 0.8128588, 'negative': 0.14369869, 'positive': 0.043442488}"
6,the elf lie floor pant shiver green mucus glisten around snout bruise already bloom pallid forehead strike eye swollen bloodshot swimming tear,negative,0.49627736,"{'negative': 0.49627736, 'neutral': 0.4717253, 'positive': 0.03199733}"
6,expelliarmus,neutral,0.6998061,"{'neutral': 0.6998061, 'positive': 0.20811729, 'negative': 0.09207658}"
6,aguamenti screamed hermione jet water stream wand engulf splutter choke mundungus,neutral,0.6744609,"{'neutral': 0.6744609, 'negative': 0.23555289, 'positive': 0.08998626}"
6,open proceed force paint inside despite fact patently large fit inside tiny bag within second vanish like much else bag capacious depth,neutral,0.79458725,"{'neutral': 0.79458725, 'negative': 0.10832379, 'positive': 0.09708887}"
6,try finite incantatem say hermione stop rain hex curse something go wrong atmospheric charm difficult fix interim measure try impervius protect belonging,neutral,0.5180532,"{'neutral': 0.5180532, 'negative': 0.45614368, 'positive': 0.025803175}"
6,the silence press upon there bustle talk swift footstep purplecarpete corridor hush though muffliato charm cast place,neutral,0.8537012,"{'neutral': 0.8537012, 'positive': 0.07528833, 'negative': 0.07101042}"
6,then turn face room raise wand murmur accio locket,neutral,0.9110322,"{'neutral': 0.9110322, 'positive': 0.061759364, 'negative': 0.02720841}"
6,do try meteolojinx recanto,neutral,0.84588987,"{'neutral': 0.84588987, 'positive': 0.0936218, 'negative': 0.060488313}"
6,meteolojinx recanto whisper ron,neutral,0.87723833,"{'neutral': 0.87723833, 'positive': 0.08691374, 'negative': 0.035847973}"
6,he think cast muffliato charm upon umbridge yaxley even murmur word might cause hermione alarm,neutral,0.8430574,"{'neutral': 0.8430574, 'negative': 0.11950377, 'positive': 0.037438817}"
6,he raise wand even troubling keep conceal beneath invisibility cloak say stupefy,neutral,0.82822293,"{'neutral': 0.82822293, 'negative': 0.11039881, 'positive': 0.06137828}"
6,he try draw wand late stupefy,neutral,0.76418275,"{'neutral': 0.76418275, 'negative': 0.19283712, 'positive': 0.042980112}"
6,expecto patronum,neutral,0.7262132,"{'neutral': 0.7262132, 'positive': 0.1788494, 'negative': 0.09493735}"
6,diffindo nothing happen,neutral,0.74889094,"{'neutral': 0.74889094, 'negative': 0.1747114, 'positive': 0.07639765}"
6,I know harry wakes locket go I need duplicate geminio,neutral,0.78718495,"{'neutral': 0.78718495, 'positive': 0.14537202, 'negative': 0.06744298}"
6,relashio,neutral,0.7871269,"{'neutral': 0.7871269, 'positive': 0.11018336, 'negative': 0.10268973}"
6,expec expecto patronum say hermione,neutral,0.79495776,"{'neutral': 0.79495776, 'positive': 0.13199547, 'negative': 0.07304678}"
6,expecto patronum,neutral,0.7262132,"{'neutral': 0.7262132, 'positive': 0.1788494, 'negative': 0.09493735}"
6,accio dittany,neutral,0.72404295,"{'neutral': 0.72404295, 'positive': 0.20120816, 'negative': 0.07474893}"
6,salvio hexia protego totalum repello muggletum muffliato you could get tent harry,neutral,0.7741187,"{'neutral': 0.7741187, 'positive': 0.18930651, 'negative': 0.036574867}"
6,erecto add point wand misshapen canvas one fluid motion rise air settle fully construct onto ground harry whose startled hand tent peg soar land final thud end guy rope,neutral,0.8933831,"{'neutral': 0.8933831, 'positive': 0.082097076, 'negative': 0.024519797}"
6,cave inimicum hermione finish skyward flourish,neutral,0.7854207,"{'neutral': 0.7854207, 'positive': 0.19479391, 'negative': 0.019785415}"
6,you cast muffliato charm we right whisper hermione,neutral,0.78060037,"{'neutral': 0.78060037, 'positive': 0.18650694, 'negative': 0.032892626}"
6,I everything whisper back muffliato mugglerepelle disillusionment charm,neutral,0.7372194,"{'neutral': 0.7372194, 'negative': 0.13199463, 'positive': 0.13078594}"
6,accio salmon,neutral,0.67673135,"{'neutral': 0.67673135, 'positive': 0.24071106, 'negative': 0.08255756}"
6,obscuro,neutral,0.71807355,"{'neutral': 0.71807355, 'negative': 0.17065935, 'positive': 0.11126704}"
6,protego cry invisible shield expand harry one side ron force backward step strength spell harry ron glare either side transparent barrier though see clearly first time,neutral,0.88640976,"{'neutral': 0.88640976, 'positive': 0.09042413, 'negative': 0.023166077}"
6,as bathilda fumble log fire mutter tergeo the dust vanish photograph see half dozen miss large ornate frame,neutral,0.8468375,"{'neutral': 0.8468375, 'negative': 0.09518234, 'positive': 0.057980187}"
6,lumos say harry wand ignite,neutral,0.7853965,"{'neutral': 0.7853965, 'negative': 0.15255047, 'positive': 0.062053055}"
6,accio accio wand,neutral,0.7073327,"{'neutral': 0.7073327, 'positive': 0.22253808, 'negative': 0.07012932}"
6,the snake lunge take run leap drag hermione strike hermione screamed confringo spell fly around room explode wardrobe mirror ricochet back bounce floor ceiling harry feel heat sear back hand,neutral,0.7753125,"{'neutral': 0.7753125, 'negative': 0.14435732, 'positive': 0.08033017}"
6,avada kedavra,neutral,0.83038753,"{'neutral': 0.83038753, 'positive': 0.09063376, 'negative': 0.07897873}"
6,avada kedavra,neutral,0.83038753,"{'neutral': 0.83038753, 'positive': 0.09063376, 'negative': 0.07897873}"
6,lumos,neutral,0.6599488,"{'neutral': 0.6599488, 'positive': 0.17776187, 'negative': 0.16228934}"
6,expelliarmus,neutral,0.6998061,"{'neutral': 0.6998061, 'positive': 0.20811729, 'negative': 0.09207658}"
6,lumos whisper wandtip ignite,neutral,0.8157537,"{'neutral': 0.8157537, 'positive': 0.10604506, 'negative': 0.078201264}"
6,he point wand silvery shape murmur accio sword,neutral,0.86194026,"{'neutral': 0.86194026, 'positive': 0.10091925, 'negative': 0.037140522}"
6,diffindo,neutral,0.71664876,"{'neutral': 0.71664876, 'positive': 0.1708527, 'negative': 0.11249855}"
6,protego,neutral,0.6780551,"{'neutral': 0.6780551, 'positive': 0.24142647, 'negative': 0.0805185}"
6,engorgio,neutral,0.69462866,"{'neutral': 0.69462866, 'positive': 0.18755388, 'negative': 0.11781743}"
6,sorry reducio,negative,0.50536776,"{'negative': 0.50536776, 'neutral': 0.4439198, 'positive': 0.050712463}"
6,homenum revelio say voice foot stair,neutral,0.8079824,"{'neutral': 0.8079824, 'positive': 0.13418718, 'negative': 0.05783042}"
6,obliviate cry hermione point wand first face floor beneath,neutral,0.81696445,"{'neutral': 0.81696445, 'negative': 0.10597447, 'positive': 0.07706111}"
6,deprimo,neutral,0.7648929,"{'neutral': 0.7648929, 'positive': 0.12922353, 'negative': 0.10588361}"
6,protego totalum salvio hexia,neutral,0.8234455,"{'neutral': 0.8234455, 'positive': 0.12302233, 'negative': 0.053532183}"
6,cave inimicum didn I say erumpent horn I tell,neutral,0.79591054,"{'neutral': 0.79591054, 'negative': 0.12053615, 'positive': 0.08355338}"
6,stupefy scream,negative,0.5193947,"{'negative': 0.5193947, 'neutral': 0.43131983, 'positive': 0.049285423}"
6,stupefy,neutral,0.6166831,"{'neutral': 0.6166831, 'negative': 0.31272805, 'positive': 0.07058889}"
6,crucio,neutral,0.657012,"{'neutral': 0.657012, 'positive': 0.19572522, 'negative': 0.14726278}"
6,relashio say ron pointing wand silver hand nothing happen pettigrew drop knee moment hermione give dreadful scream overhead,negative,0.6292019,"{'negative': 0.6292019, 'neutral': 0.35105392, 'positive': 0.019744169}"
6,expelliarmus roar point wormtail wand bellatrix fly air catch harry sprinted ron,neutral,0.79915553,"{'neutral': 0.79915553, 'positive': 0.18496999, 'negative': 0.015874486}"
6,lucius narcissa draco greyback wheel harry yelled stupefy lucius malfoy collapse onto hearth,neutral,0.7095738,"{'neutral': 0.7095738, 'negative': 0.24744056, 'positive': 0.04298559}"
6,as ron run pull hermione wreckage harry take chance he leapt armchair wrest three wand draco grip point greyback yelled stupefy the werewolf lift foot triple spell fly ceiling smash ground,neutral,0.85699046,"{'neutral': 0.85699046, 'positive': 0.10854432, 'negative': 0.03446525}"
6,priori incantatem say harry,neutral,0.82728124,"{'neutral': 0.82728124, 'positive': 0.10285382, 'negative': 0.069864884}"
6,know second harry point draco wand guard turn murmured confundo twice,neutral,0.9294501,"{'neutral': 0.9294501, 'positive': 0.046709005, 'negative': 0.023840826}"
6,harry raise hawthorn wand beneath cloak point old goblin whisper first time life imperio,neutral,0.891915,"{'neutral': 0.891915, 'positive': 0.09494337, 'negative': 0.013141597}"
6,harry act without think point wand traver mutter imperio,neutral,0.78498197,"{'neutral': 0.78498197, 'negative': 0.16994226, 'positive': 0.0450757}"
6,imperio,neutral,0.6920926,"{'neutral': 0.6920926, 'positive': 0.18965936, 'negative': 0.1182481}"
6,imperio harry say voice echo stone passage feel sense heady control flow brain wand,neutral,0.85712385,"{'neutral': 0.85712385, 'positive': 0.12627049, 'negative': 0.016605647}"
6,harry I think I hear people come say hermione point bellatrix wand waterfall cry protego they see shield charm break flow enchant water fly passageway,neutral,0.8300298,"{'neutral': 0.8300298, 'positive': 0.15310332, 'negative': 0.016866865}"
6,lumos,neutral,0.6599488,"{'neutral': 0.6599488, 'positive': 0.17776187, 'negative': 0.16228934}"
6,accio cup cry hermione evidently forget desperation griphook tell plan session,neutral,0.59884125,"{'neutral': 0.59884125, 'negative': 0.35121056, 'positive': 0.049948193}"
6,she raise wand point harry whispered levicorpus,neutral,0.865537,"{'neutral': 0.865537, 'positive': 0.12309652, 'negative': 0.01136651}"
6,impervius screech hermione attempt protect ron goblin burn metal,neutral,0.7792841,"{'neutral': 0.7792841, 'negative': 0.15754539, 'positive': 0.06317051}"
6,liberacorpus yell harry crash griphook land surface swell treasure sword fly harry hand,neutral,0.7420349,"{'neutral': 0.7420349, 'positive': 0.20407428, 'negative': 0.053890824}"
6,stupefy bellow ron hermione join jet red light flew crowd goblin topple other advance harry see several wizard guard run around corner,neutral,0.92293894,"{'neutral': 0.92293894, 'positive': 0.053290267, 'negative': 0.023770832}"
6,point wand thick cuff chain beast floor yell relashio,neutral,0.7721621,"{'neutral': 0.7721621, 'positive': 0.12087769, 'negative': 0.10696022}"
6,harry eye shut tight heat dust deafen crash rock dragon roar could cling back expect shake moment hear hermione yell defodio,neutral,0.8091324,"{'neutral': 0.8091324, 'negative': 0.10575281, 'positive': 0.08511478}"
6,and could boy anybody else know cave penetrate protection,neutral,0.59183335,"{'neutral': 0.59183335, 'negative': 0.30282333, 'positive': 0.10534335}"
6,accio cloak roar one death eater,neutral,0.6185406,"{'neutral': 0.6185406, 'negative': 0.25606942, 'positive': 0.12539001}"
6,it ron hermione thought whisper expecto patronum,neutral,0.8627981,"{'neutral': 0.8627981, 'positive': 0.07029185, 'negative': 0.06691006}"
6,you idiot expecto patronum,negative,0.82597023,"{'negative': 0.82597023, 'neutral': 0.1476227, 'positive': 0.026407111}"
6,he hide cave grawp ever since try arrest,neutral,0.609981,"{'neutral': 0.609981, 'negative': 0.35647595, 'positive': 0.033543117}"
6,he move along tunnel first cave,neutral,0.8730512,"{'neutral': 0.8730512, 'positive': 0.09589342, 'negative': 0.031055411}"
6,as amycus spin around harry shout crucio,neutral,0.8916675,"{'neutral': 0.8916675, 'positive': 0.083299994, 'negative': 0.025032528}"
6,before harry luna could act professor mcgonagall rise foot point wand groggy death eater say imperio,neutral,0.83438236,"{'neutral': 0.83438236, 'negative': 0.11470498, 'positive': 0.050912723}"
6,protego horribilis diadem ravenclaw squeak flitwick,neutral,0.85898757,"{'neutral': 0.85898757, 'positive': 0.086144716, 'negative': 0.05486772}"
6,piertotum oh heaven sake filch,negative,0.5049569,"{'negative': 0.5049569, 'neutral': 0.3442567, 'positive': 0.15078638}"
6,and piertotum locomotor cry professor mcgonagall,neutral,0.8020407,"{'neutral': 0.8020407, 'positive': 0.14662245, 'negative': 0.05133684}"
6,hear youknowwho cave say hagrid grimly,neutral,0.733353,"{'neutral': 0.733353, 'negative': 0.18374328, 'positive': 0.08290375}"
6,accio diadem cry hermione desperation nothing fly air toward,neutral,0.5598341,"{'neutral': 0.5598341, 'negative': 0.38607994, 'positive': 0.05408593}"
6,with whiplike movement crabbe point wand fiftyfoot mountain old furniture break trunk old book robe unidentifiable junk shout descendo,neutral,0.6336605,"{'neutral': 0.6336605, 'negative': 0.32178283, 'positive': 0.04455665}"
6,ron harry bellow somewhere sight hermione scream harry hear innumerable object crash floor side destabilize wall he point wand rampart cry finite steady,neutral,0.8116547,"{'neutral': 0.8116547, 'negative': 0.09950624, 'positive': 0.08883904}"
6,crucio,neutral,0.657012,"{'neutral': 0.657012, 'positive': 0.19572522, 'negative': 0.14726278}"
6,avada kedavra,neutral,0.83038753,"{'neutral': 0.83038753, 'positive': 0.09063376, 'negative': 0.07897873}"
6,expelliarmus,neutral,0.6998061,"{'neutral': 0.6998061, 'positive': 0.20811729, 'negative': 0.09207658}"
6,crabbe wheel around screamed avada kedavra,neutral,0.7890053,"{'neutral': 0.7890053, 'positive': 0.11916511, 'negative': 0.09182961}"
6,aguamenti harry bawl jet water soar tip wand evaporate air,neutral,0.69066215,"{'neutral': 0.69066215, 'positive': 0.27721876, 'negative': 0.032119103}"
6,two mask death eater stand even wand fully raise hermione shout glisseo,neutral,0.6347155,"{'neutral': 0.6347155, 'negative': 0.2807223, 'positive': 0.08456224}"
6,duro cry hermione pointing wand tapestry two loud sickening crunch tapestry turn stone death eater pursue crumple,negative,0.6458221,"{'negative': 0.6458221, 'neutral': 0.3206747, 'positive': 0.03350318}"
6,ron look around direct wand twig ground say wingardium leviosa the twig fly ground spun air catch gust wind zoom directly trunk willow ominously sway branch,neutral,0.897914,"{'neutral': 0.897914, 'positive': 0.07377532, 'negative': 0.028310748}"
6,with difficulty drag murmur nox extinguish wandlight continue hand knee silently possible sense strain expect every second discover hear cold clear voice see flash green light,neutral,0.5583922,"{'neutral': 0.5583922, 'negative': 0.42292282, 'positive': 0.018684968}"
6,expecto patronum,neutral,0.7262132,"{'neutral': 0.7262132, 'positive': 0.1788494, 'negative': 0.09493735}"
6,sectumsempra shout snape,neutral,0.7649449,"{'neutral': 0.7649449, 'positive': 0.13374995, 'negative': 0.10130507}"
6,he lower shake hand raise draco wand beneath cloak murmur lumo,neutral,0.9091693,"{'neutral': 0.9091693, 'positive': 0.058488484, 'negative': 0.032342173}"
6,crucio,neutral,0.657012,"{'neutral': 0.657012, 'positive': 0.19572522, 'negative': 0.14726278}"
6,protego roar harry shield charm expand middle hall voldemort stare around source harry pull invisibility cloak last,neutral,0.83164847,"{'neutral': 0.83164847, 'positive': 0.16013384, 'negative': 0.00821767}"
6,avada kedavra,neutral,0.83038753,"{'neutral': 0.83038753, 'positive': 0.09063376, 'negative': 0.07897873}"
6,expelliarmus,neutral,0.6998061,"{'neutral': 0.6998061, 'positive': 0.20811729, 'negative': 0.09207658}"
6,he lay broken wand upon headmaster desk touch tip elder wand say reparo,neutral,0.8363075,"{'neutral': 0.8363075, 'negative': 0.12940565, 'positive': 0.034286775}"
